{"accuracy": [0.5021284222602844, 0.5, 0.49091118574142456, 0.5021284222602844, 0.5041992664337158, 0.5031638145446777, 0.5017832517623901, 0.5013805627822876, 0.5018982887268066, 0.49913713335990906, 0.5019558072090149, 0.5046019554138184, 0.49994248151779175, 0.4967211186885834, 0.4966636002063751, 0.4959157705307007, 0.49764150381088257, 0.4995397925376892, 0.49263691902160645, 0.4997698962688446, 0.4978140890598297, 0.49378737807273865, 0.49798664450645447, 0.49861940741539, 0.5004602074623108, 0.49344223737716675, 0.4967211186885834, 0.49752646684646606, 0.5028762221336365, 0.49867695569992065, 0.500517725944519, 0.4993097186088562, 0.497008740901947, 0.4998849630355835, 0.4930395781993866, 0.4990796148777008, 0.4949953854084015, 0.49286699295043945, 0.4975839853286743, 0.49252185225486755, 0.5058674812316895, 0.4998849630355835, 0.4971237778663635, 0.49390244483947754, 0.4973538815975189, 0.4956856966018677, 0.4996548593044281, 0.5039116144180298, 0.4989645779132843, 0.4973538815975189], "loss": [45.56398010253906, 1.5329774618148804, 0.9045754075050354, 0.7652003169059753, 0.7407368421554565, 0.72655189037323, 0.722449541091919, 0.707413911819458, 0.7017671465873718, 0.7049056887626648, 0.6964851021766663, 0.7013198137283325, 0.6958755254745483, 0.6936313509941101, 0.6945125460624695, 0.6944316625595093, 0.6949304938316345, 0.701077401638031, 0.6941270232200623, 0.6943938136100769, 0.7042655348777771, 0.6951223015785217, 0.6950139403343201, 0.6941057443618774, 0.6933667063713074, 0.6932092308998108, 0.6968889236450195, 0.6936521530151367, 0.6952639222145081, 0.6933597326278687, 0.6946714520454407, 0.6940176486968994, 0.6932449340820312, 0.6937916874885559, 0.693476676940918, 0.7002540230751038, 0.6958458423614502, 0.6951295733451843, 0.6932092905044556, 0.6993654370307922, 0.6931460499763489, 0.6931805610656738, 0.6931976675987244, 0.6932087540626526, 0.6932176947593689, 0.6940863132476807, 0.6931473612785339, 0.6933355927467346, 0.6931883096694946, 0.6932253837585449], "val_accuracy": [0.5041417479515076, 0.4997698962688446, 0.4972388446331024, 0.5004602074623108, 0.49447768926620483, 0.5009204149246216, 0.5009204149246216, 0.49355730414390564, 0.5006902813911438, 0.5009204149246216, 0.5009204149246216, 0.4990796148777008, 0.5009204149246216, 0.4990796148777008, 0.4990796148777008, 0.5009204149246216, 0.4990796148777008, 0.5009204149246216, 0.4990796148777008, 0.4990796148777008, 0.4990796148777008, 0.5009204149246216, 0.5009204149246216, 0.5009204149246216, 0.5009204149246216, 0.4990796148777008, 0.4990796148777008, 0.5009204149246216, 0.4990796148777008, 0.4990796148777008, 0.4990796148777008, 0.4990796148777008, 0.4990796148777008, 0.4990796148777008, 0.5009204149246216, 0.5009204149246216, 0.5009204149246216, 0.5009204149246216, 0.4990796148777008, 0.4990796148777008, 0.5009204149246216, 0.4990796148777008, 0.4990796148777008, 0.5009204149246216, 0.5009204149246216, 0.5009204149246216, 0.5009204149246216, 0.4990796148777008, 0.4990796148777008, 0.5009204149246216], "val_loss": [0.8121182322502136, 0.7107577919960022, 0.7000241279602051, 0.7003459930419922, 0.7141306400299072, 0.6983618140220642, 0.6929290890693665, 0.695221483707428, 0.6931402683258057, 0.6931456923484802, 0.6931628584861755, 0.6932411789894104, 0.6931456923484802, 0.6931582689285278, 0.6931601166725159, 0.6931454539299011, 0.6931483745574951, 0.6931466460227966, 0.693152904510498, 0.69316166639328, 0.6931532621383667, 0.6931595206260681, 0.6931456327438354, 0.6931496858596802, 0.6931626200675964, 0.6931487321853638, 0.6931541562080383, 0.6931456923484802, 0.6931636333465576, 0.6931998133659363, 0.6932721138000488, 0.6933118104934692, 0.693153440952301, 0.6931477189064026, 0.6931463479995728, 0.6931589245796204, 0.6931459307670593, 0.6931452751159668, 0.6931527853012085, 0.6931495070457458, 0.6932081580162048, 0.6931607723236084, 0.6931820511817932, 0.6931453943252563, 0.693145215511322, 0.693146824836731, 0.6931459903717041, 0.6932036876678467, 0.6931476593017578, 0.6931582689285278]}