{"accuracy": [0.5436608195304871, 0.5455591082572937, 0.5475724935531616, 0.545674204826355, 0.5413023233413696, 0.5444661974906921, 0.5406120419502258, 0.5376783013343811, 0.5407270789146423, 0.5493557453155518, 0.5417050123214722, 0.5387137532234192, 0.5414749383926392, 0.5381385087966919, 0.5430855751037598, 0.5425678491592407, 0.5370455384254456, 0.5303152203559875, 0.5333064794540405, 0.5406120419502258, 0.5355499386787415, 0.5352622866630554, 0.54941326379776, 0.5480327010154724, 0.5314657092094421, 0.5403819680213928, 0.5295099020004272, 0.5425103306770325, 0.5432581901550293, 0.5457317233085632, 0.5331339240074158, 0.5381385087966919, 0.5433157086372375, 0.5391164422035217, 0.532961368560791, 0.5348596572875977, 0.5331339240074158, 0.5346295237541199, 0.539691686630249, 0.5372181534767151, 0.5406695604324341, 0.5437758564949036, 0.5333639979362488, 0.5365853905677795, 0.5385411977767944, 0.535664975643158, 0.529970109462738, 0.5274389982223511, 0.542913019657135, 0.5450414419174194], "loss": [0.6885092258453369, 0.6883050203323364, 0.6878714561462402, 0.687680721282959, 0.6890266537666321, 0.6888842582702637, 0.6891880035400391, 0.6888360381126404, 0.688456118106842, 0.687586784362793, 0.6889447569847107, 0.6882091164588928, 0.688908576965332, 0.6881428956985474, 0.6880801320075989, 0.6881011724472046, 0.6890511512756348, 0.689804196357727, 0.6889243125915527, 0.688802182674408, 0.6895833015441895, 0.6880443692207336, 0.6867391467094421, 0.6869807243347168, 0.6897801160812378, 0.6880832314491272, 0.688461184501648, 0.6881976127624512, 0.6875624656677246, 0.6875178217887878, 0.6893606185913086, 0.6888700723648071, 0.6882874369621277, 0.6888211369514465, 0.6896525025367737, 0.6892301440238953, 0.6890822649002075, 0.6890367865562439, 0.6881289482116699, 0.6887152791023254, 0.6886812448501587, 0.6882895231246948, 0.6885167956352234, 0.6880891919136047, 0.6879249811172485, 0.688782274723053, 0.6891152858734131, 0.6886371970176697, 0.688255786895752, 0.6875360608100891], "val_accuracy": [0.535434901714325, 0.5455591082572937, 0.5455591082572937, 0.5448688268661499, 0.5501610636711121, 0.5425678491592407, 0.5467095971107483, 0.5402669310569763, 0.5308329463005066, 0.5414174199104309, 0.5402669310569763, 0.5508513450622559, 0.5437183380126953, 0.5232397317886353, 0.5467095971107483, 0.532903790473938, 0.5448688268661499, 0.5310630202293396, 0.5335941314697266, 0.5287621021270752, 0.5285319685935974, 0.5540727376937866, 0.5492407083511353, 0.5363552570343018, 0.5204786062240601, 0.5437183380126953, 0.5101242661476135, 0.5469397306442261, 0.5520018339157104, 0.5368154644966125, 0.5377358198165894, 0.5464795231819153, 0.5342844128608704, 0.5331339240074158, 0.526461124420166, 0.5483202934265137, 0.5345144867897034, 0.5292222499847412, 0.553382396697998, 0.5432581901550293, 0.5340542793273926, 0.5283018946647644, 0.5377358198165894, 0.5444086790084839, 0.5398067235946655, 0.535434901714325, 0.5186378359794617, 0.5322135090827942, 0.5457892417907715, 0.5453290343284607], "val_loss": [0.6901404857635498, 0.6884031295776367, 0.68709397315979, 0.6880251169204712, 0.688222348690033, 0.6891342997550964, 0.689368486404419, 0.6894776821136475, 0.6906397938728333, 0.68877774477005, 0.6899111866950989, 0.6870681047439575, 0.687365710735321, 0.6885510683059692, 0.6884868144989014, 0.688524067401886, 0.6877835988998413, 0.6894370317459106, 0.6895273327827454, 0.6907674670219421, 0.6904517412185669, 0.6873505711555481, 0.6871069073677063, 0.6891881227493286, 0.689124584197998, 0.6874335408210754, 0.6907083988189697, 0.6878975033760071, 0.6881171464920044, 0.689465343952179, 0.6905099749565125, 0.6889981627464294, 0.6899879574775696, 0.6892247200012207, 0.6896995306015015, 0.6885364651679993, 0.6893569827079773, 0.6887518763542175, 0.687771737575531, 0.6883845925331116, 0.6890335083007812, 0.6908090114593506, 0.6880460977554321, 0.6900038719177246, 0.688687264919281, 0.6893748641014099, 0.6902961730957031, 0.6899331212043762, 0.6885094046592712, 0.6888203024864197]}